family,cots_mean_ha_sc,area_ha,site_code,date,fit_link,se_link,lwr_link,upr_link,fit,lwr,upr,cots_mean_ha,sci_name
Butterflyfish,-0.9530479424667302,1,AL,2025-04-16,5.597844780611018,0.113301341023767,5.375774152204435,5.819915409017601,269.84420679997265,216.10710736312885,336.9435500386041,3.125,Chaetodon spp.
Butterflyfish,-0.9268783418742687,1,AL,2025-04-16,5.597108244557165,0.11198547501104199,5.377616713535523,5.8165997755788075,269.64552998804027,216.50566503324538,335.82821877370463,3.451459034792368,Chaetodon spp.
Butterflyfish,-0.900708741281807,1,AL,2025-04-16,5.5963717085033124,0.11068860914822681,5.379422034572788,5.813321382433837,269.4469994548666,216.89688029333303,334.7290445904238,3.777918069584737,Chaetodon spp.
Butterflyfish,-0.8745391406893455,1,AL,2025-04-16,5.595635172449459,0.10941141907015275,5.38118879107196,5.810081553826958,269.24861509275144,217.28042297974156,333.6463347004979,4.104377104377105,Chaetodon spp.
Butterflyfish,-0.8483695400968839,1,AL,2025-04-16,5.594898636395607,0.10815460182893608,5.382915616810893,5.806881655980321,269.05037679407485,217.6559525504566,332.5804068521984,4.430836139169473,Chaetodon spp.
Butterflyfish,-0.8221999395044224,1,AL,2025-04-16,5.594162100341754,0.10691887586699679,5.38460110364244,5.803723097041068,268.85228445129474,218.02311813174214,331.5315892831292,4.7572951739618405,Chaetodon spp.
Butterflyfish,-0.7960303389119607,1,AL,2025-04-16,5.593425564287902,0.10570498087887951,5.386243801765298,5.800607326810505,268.65433795694923,218.38155862279461,330.50022061502517,5.083754208754209,Chaetodon spp.
Butterflyfish,-0.7698607383194992,1,AL,2025-04-16,5.592689028234048,0.10451367754797337,5.38784222024002,5.797535836228076,268.4565372036549,218.73090286540207,329.48664968354086,5.410213243546577,Chaetodon spp.
Butterflyfish,-0.7436911377270377,1,AL,2025-04-16,5.591952492180195,0.10334574714353113,5.389394827778874,5.7945101565815165,268.2588820841082,219.07076988594707,328.4912352957032,5.736672278338944,Chaetodon spp.
Butterflyfish,-0.717521537134576,1,AL,2025-04-16,5.591215956126343,0.10220199096281364,5.3909000538392275,5.791531858413458,268.06137249108406,219.40076921733106,327.5143459074415,6.063131313131314,Chaetodon spp.
Butterflyfish,-0.6913519365421145,1,AL,2025-04-16,5.59047942007249,0.1010832296027727,5.3923562900510555,5.788602550093924,267.8640083174362,219.72050130859031,326.5563592134327,6.389590347923681,Chaetodon spp.
Butterflyfish,-0.6651823359496529,1,AL,2025-04-16,5.589742884018636,0.09999030204547908,5.393761892009497,5.785723876027776,267.6667894560973,220.02955803002183,325.6176616414377,6.716049382716049,Chaetodon spp.
Butterflyfish,-0.6390127353571913,1,AL,2025-04-16,5.589006347964784,0.09892406454155056,5.3951151814633445,5.782897514466223,267.4697158000795,220.32752328158057,324.6986477433709,7.042508417508418,Chaetodon spp.
Butterflyfish,-0.6128431347647298,1,AL,2025-04-16,5.588269811910931,0.0978853892761889,5.3964144489296,5.7801251748922615,267.2727872424729,220.61397371206724,323.79971947557925,7.368967452300784,Chaetodon spp.
Butterflyfish,-0.5866735341722682,1,AL,2025-04-16,5.587533275857078,0.09687516280314919,5.397657956762906,5.77740859495125,267.0760036764467,220.888479556226,322.92128536121686,7.695426487093154,Chaetodon spp.
Butterflyfish,-0.5605039335798067,1,AL,2025-04-16,5.5867967398032254,0.09589428423309566,5.398843942706358,5.774749536900093,266.87936499524875,221.15060559622484,322.06375952824,8.02188552188552,Chaetodon spp.
Butterflyfish,-0.5343343329873451,1,AL,2025-04-16,5.586060203749373,0.0949436631643959,5.399970623947157,5.772149783551589,266.6828710922053,221.3999122531355,321.227560617403,8.348344556677889,Chaetodon spp.
Butterflyfish,-0.5081647323948835,1,AL,2025-04-16,5.58532366769552,0.09402421734652328,5.401036201696335,5.769611133694705,266.4865218607214,221.63595681288288,320.4131105557909,8.674803591470258,Chaetodon spp.
Butterflyfish,-0.48199513180242193,1,AL,2025-04-16,5.584587131641667,0.09313687006891351,5.402038866306597,5.767135396976737,266.2903171942804,221.85829478972425,319.6208331928224,9.001262626262626,Chaetodon spp.
Butterflyfish,-0.45582553120996033,1,AL,2025-04-16,5.583850595587814,0.09228254727139125,5.4029768029358864,5.764724388239741,266.0942569864439,222.0664814285941,318.851152797391,9.327721661054994,Chaetodon spp.
Butterflyfish,-0.42965593061749874,1,AL,2025-04-16,5.583114059533961,0.09146217437615888,5.403848197756689,5.762379921311233,265.8983411308526,222.2600733456318,318.10449241682846,9.654180695847362,Chaetodon spp.
Butterflyfish,-0.4034863300250372,1,AL,2025-04-16,5.582377523480108,0.09067667284582442,5.4046512447022925,5.760103802257924,265.7025695212248,222.43863030387584,317.3812721006994,9.98063973063973,Chaetodon spp.
Butterflyfish,-0.37731672943257566,1,AL,2025-04-16,5.581640987426256,0.08992695647700921,5.405384152731317,5.757897822121194,265.5069420513572,222.60171711850847,316.6819069950537,10.307098765432098,Chaetodon spp.
Butterflyfish,-0.3511471288401141,1,AL,2025-04-16,5.580904451372402,0.08921392744466862,5.406045153580852,5.755763749163952,265.31145861512454,222.74890568315567,316.0068053156226,10.633557800224466,Chaetodon spp.
Butterflyfish,-0.32497752824765247,1,AL,2025-04-16,5.580167915318549,0.08853847211829856,5.406632509966684,5.7537033206704145,265.1161191064804,222.87977710566628,315.35636621154276,10.960016835016836,Chaetodon spp.
Butterflyfish,-0.29880792765519093,1,AL,2025-04-16,5.5794313792646975,0.08790145667756774,5.4071445241766645,5.75171823435273,264.920923419456,222.99392393856814,314.7309775344003,11.286475869809202,Chaetodon spp.
Butterflyfish,-0.2726383270627294,1,AL,2025-04-16,5.578694843210845,0.0873037225614656,5.407579546990372,5.749810139431317,264.72587144816,223.09095248608534,314.1310135307201,11.61293490460157,Chaetodon spp.
Butterflyfish,-0.24646872647026774,1,AL,2025-04-16,5.577958307156991,0.08674608179160513,5.4079359868454455,5.747980627468537,264.5309630867795,223.1704851663241,313.5568324792906,11.93939393939394,Chaetodon spp.
Butterflyfish,-0.2202991258778062,1,AL,2025-04-16,5.577221771103138,0.08622931221665744,5.40821231915849,5.746231223047787,264.33619822958013,223.2321629040768,313.00877429787164,12.265852974186307,Chaetodon spp.
Butterflyfish,-0.19412952528534466,1,AL,2025-04-16,5.576485235049286,0.08575415273078722,5.408407095696942,5.744563374401629,264.1415767709046,223.27564752679322,312.4871581467349,12.592312008978674,Chaetodon spp.
Butterflyfish,-0.16795992469288312,1,AL,2025-04-16,5.575748698995432,0.08532129852415529,5.408518953888088,5.742978444102777,263.9470986051732,223.30062413374534,311.9922800590182,12.918771043771041,Chaetodon spp.
Butterflyfish,-0.14179032410042147,1,AL,2025-04-16,5.575012162941579,0.08493139642780118,5.408546625943089,5.74147769994007,263.75276362688504,223.30680340639435,311.52441062988004,13.245230078563411,Chaetodon spp.
Butterflyfish,-0.11562072350795993,1,AL,2025-04-16,5.574275626887727,0.0845850404182682,5.408488947667921,5.740062306107532,263.5585717306159,223.29392382658025,311.0837927978294,13.571689113355779,Chaetodon spp.
Butterflyfish,-0.0894511229154984,1,AL,2025-04-16,5.573539090833874,0.08428276734896203,5.408344866829909,5.738733314837839,263.36452281101947,223.26175376851234,310.6706397522633,13.898148148148147,Chaetodon spp.
Butterflyfish,-0.06328152232303674,1,AL,2025-04-16,5.57280255478002,0.08402505297525202,5.408113450948527,5.737491658611514,263.17061676282697,223.21009343072694,310.2851330010358,14.224607182940517,Chaetodon spp.
Butterflyfish,-0.037111921730575204,1,AL,2025-04-16,5.572066018726169,0.08381230833859671,5.407793894382519,5.736338143069818,262.9768534808477,223.13877657526356,309.9274206308154,14.551066217732885,Chaetodon spp.
Butterflyfish,-0.010942321138113664,1,AL,2025-04-16,5.571329482672316,0.08364487657142879,5.407385524592315,5.735273440752317,262.78323285996737,223.04767204332254,309.5976157909565,14.87752525252525,Chaetodon spp.
Butterflyfish,0.015227279454347875,1,AL,2025-04-16,5.570592946618463,0.0835230301791701,5.40688780746729,5.734298085769637,262.5897547951498,222.9366850196119,309.2957954286933,15.203984287317619,Chaetodon spp.
Butterflyfish,0.041396880046809525,1,AL,2025-04-16,5.56985641056461,0.08344696884864668,5.406300351621262,5.733412469507957,262.39641918143576,222.80575802138358,309.02199929963996,15.530443322109988,Chaetodon spp.
Butterflyfish,0.06756648063927106,1,AL,2025-04-16,5.569119874510757,0.08341681782349955,5.405622911576698,5.732616837444816,262.2032259139439,222.6548715927654,308.77622927300274,15.856902356902356,Chaetodon spp.
Butterflyfish,0.09373608123173272,1,AL,2025-04-16,5.568383338456904,0.08343262687717717,5.404855389777637,5.731911287136171,262.0101748878696,222.48404469022273,308.55844894565985,16.183361391694724,Chaetodon spp.
Butterflyfish,0.11990568182419414,1,AL,2025-04-16,5.567646802403051,0.08349436990306036,5.403997837393053,5.73129576741305,261.8172659984853,222.29333475073565,308.3685835735332,16.509820426487092,Chaetodon spp.
Butterflyfish,0.1460752824166558,1,AL,2025-04-16,5.566910266349198,0.08360194512956819,5.403050453895244,5.730770078803151,261.6244991411407,222.08283744030314,308.20652032263274,16.83627946127946,Chaetodon spp.
Butterflyfish,0.17224488300911744,1,AL,2025-04-16,5.566173730295345,0.08375517595612247,5.402013585421345,5.730333875169345,261.431874211263,221.85268608652828,308.0721088360259,17.16273849607183,Chaetodon spp.
Butterflyfish,0.19841448360157887,1,AL,2025-04-16,5.565437194241492,0.08395381239401933,5.400887721949214,5.729986666533771,261.2393911043557,221.6030508050608,307.96516210694676,17.489197530864196,Chaetodon spp.
Butterflyfish,0.22458408419404052,1,AL,2025-04-16,5.564700658187641,0.0841975330849711,5.399673493341097,5.729727823034184,261.04704971599983,221.33413733538063,307.88545764257265,17.815656565656564,Chaetodon spp.
Butterflyfish,0.25075368478650195,1,AL,2025-04-16,5.563964122133787,0.08448594785971726,5.398371664328741,5.729556579938833,260.8548499418523,221.0461856065975,307.8327388977815,18.142115600448932,Chaetodon spp.
Butterflyfish,0.2769232853789636,1,AL,2025-04-16,5.563227586079934,0.08481860078998224,5.396983128531569,5.7294720436282995,260.66279167764816,220.73946805848203,307.8067169536888,18.4685746352413,Chaetodon spp.
Butterflyfish,0.30309288597142525,1,AL,2025-04-16,5.562491050026082,0.08519497367944508,5.395508901614369,5.729473198437794,260.4708748191985,220.41428774666028,307.8070724120132,18.795033670033668,Chaetodon spp.
Butterflyfish,0.3292624865638867,1,AL,2025-04-16,5.561754513972229,0.08561448993346717,5.393950113702633,5.729558914241824,260.2790992623911,220.07097626375705,307.83345747350353,19.121492704826036,Chaetodon spp.
Butterflyfish,0.35543208715634833,1,AL,2025-04-16,5.561017977918375,0.08607651874320671,5.39230800118169,5.72972795465506,260.08746490319044,219.7098915101754,307.88549816672895,19.447951739618407,Chaetodon spp.
Butterflyfish,0.38160168774881,1,AL,2025-04-16,5.5602814418645226,0.08658037951745727,5.3905838980103065,5.729978985718739,259.895971637638,219.33141534916575,307.9627966925845,19.774410774410775,Chaetodon spp.
Butterflyfish,0.4077712883412714,1,AL,2025-04-16,5.55954490581067,0.08712534649503381,5.388779226680404,5.730310584940936,259.70461936185137,218.93595118089164,308.06493384979854,20.10086980920314,Chaetodon spp.
Butterflyfish,0.43394088893373306,1,AL,2025-04-16,5.558808369756817,0.08771065347167309,5.386895488952338,5.730721250561296,259.51340797202465,218.52392146941804,308.19147150752366,20.427328843995507,Chaetodon spp.
Butterflyfish,0.4601104895261947,1,AL,2025-04-16,5.5580718337029635,0.08833549857804385,5.384934256489998,5.7312094109159295,259.3223373644282,218.09576525500708,308.34195509262156,20.75378787878788,Chaetodon spp.
Butterflyfish,0.48628009011865614,1,AL,2025-04-16,5.557335297649112,0.08899904904936179,5.382897161512362,5.731773433785861,259.1314074354098,217.65193568194175,308.51591606142387,21.080246913580247,Chaetodon spp.
Butterflyfish,0.5124496907111178,1,AL,2025-04-16,5.556598761595259,0.08970044593203134,5.380785887568478,5.73241163562204,258.9406180813921,217.19289756941617,308.71287432842354,21.406705948372615,Chaetodon spp.
Butterflyfish,0.5386192913035794,1,AL,2025-04-16,5.555862225541406,0.09043880867843905,5.378602160531666,5.7331222905511465,258.7499691988747,216.71912504999216,308.9323406274107,21.733164983164983,Chaetodon spp.
Butterflyfish,0.5647888918960409,1,AL,2025-04-16,5.555125689487553,0.09121323958724838,5.376347739896546,5.73390363907856,258.5594606844333,216.23109929681414,309.1738187838459,22.05962401795735,Chaetodon spp.
Butterflyfish,0.5909584924885025,1,AL,2025-04-16,5.5543891534337,0.09202282805305269,5.374024410449716,5.734753896417684,258.3690924347202,215.72930635737106,309.436807880693,22.38608305274972,Chaetodon spp.
Butterflyfish,0.617128093080964,1,AL,2025-04-16,5.553652617379847,0.0928666545958132,5.371633974372053,5.735671260387641,258.17886434646323,215.2142351081612,309.7208043033477,22.712542087542083,Chaetodon spp.
Butterflyfish,0.6432976936734256,1,AL,2025-04-16,5.552916081325995,0.09374379464695197,5.369178243817968,5.736653918834021,257.9887763164664,214.68637534128737,310.02530365264215,23.039001122334458,Chaetodon spp.
Butterflyfish,0.6694672942658872,1,AL,2025-04-16,5.552179545272141,0.09465332207512411,5.366659034004898,5.737700056539384,257.79882824160944,214.14621599083628,310.3498025180647,23.365460157126822,Chaetodon spp.
Butterflyfish,0.6956368948583487,1,AL,2025-04-16,5.551443009218288,0.0955943124404371,5.364078156835031,5.738807861601545,257.6090200188489,213.59424350395446,310.6938001062893,23.691919191919187,Chaetodon spp.
Butterflyfish,0.7218064954508103,1,AL,2025-04-16,5.5507064731644356,0.09656584597112008,5.36143741506104,5.739975531267831,257.4193515452163,213.03094035887315,311.05679972275254,24.01837822671156,Chaetodon spp.
Butterflyfish,0.747976096043272,1,AL,2025-04-16,5.549969937110584,0.09756701026131588,5.358738596998404,5.741201277222763,257.22982271781945,212.4567837297678,311.43831010640486,24.344837261503926,Chaetodon spp.
Butterflyfish,0.7741456966357334,1,AL,2025-04-16,5.54923340105673,0.09859690269273574,5.355983471778968,5.742483330334492,257.0404334338411,211.87224429629705,311.8378466197783,24.671296296296294,Chaetodon spp.
Butterflyfish,0.800315297228195,1,AL,2025-04-16,5.548496865002877,0.0996546325863747,5.353173785133583,5.743819944872172,256.8511835905409,211.2777851939423,312.25493229826475,24.997755331088666,Chaetodon spp.
Butterflyfish,0.8264848978206567,1,AL,2025-04-16,5.547760328949025,0.10073932309334484,5.350311255686069,5.74520940221198,256.66207308525355,210.67386109985407,312.68909876387926,25.32421436588103,Chaetodon spp.
Butterflyfish,0.8526544984131181,1,AL,2025-04-16,5.547023792895171,0.10185011283617094,5.347397571736276,5.746650014054066,256.473101815389,210.0609174478018,313.13988700993,25.650673400673398,Chaetodon spp.
Butterflyfish,0.8788240990055798,1,AL,2025-04-16,5.546287256841318,0.10298615731364891,5.344434388506566,5.748140125176071,256.2842696784336,209.43938976498086,313.60684806383216,25.97713243546577,Chaetodon spp.
Butterflyfish,0.9049936995980412,1,AL,2025-04-16,5.545550720787466,0.10414663008363725,5.341423325823537,5.7496781157513945,256.0955765719484,208.80970312283253,314.08954353590684,26.303591470258137,Chaetodon spp.
Butterflyfish,0.9311633001905029,1,AL,2025-04-16,5.544814184733613,0.10533072373899159,5.338365966205189,5.751262403262037,255.9070223935702,208.17227169367078,314.5875460623814,26.6300505050505,Chaetodon spp.
Butterflyfish,0.9573329007829645,1,AL,2025-04-16,5.54407764867976,0.10653765069231162,5.33526385332283,5.752891444036691,255.7186070410111,207.52749840472268,315.1004396509746,26.95650953984287,Chaetodon spp.
Butterflyfish,0.9835025013754259,1,AL,2025-04-16,5.543341112625907,0.10776664378530909,5.3321184908067005,5.754563734445113,255.53033041205828,206.87577468116828,315.6278199374858,27.282968574635238,Chaetodon spp.
Butterflyfish,1.0096721019678876,1,AL,2025-04-16,5.542604576572055,0.10901695673847184,5.32893134136465,5.7562778117794595,255.3421924045751,206.21748026989408,316.169294361675,27.609427609427605,Chaetodon spp.
Butterflyfish,1.0358417025603492,1,AL,2025-04-16,5.541868040518202,0.11028786445634639,5.325703826183763,5.758032254852641,255.15419291649877,205.55298313588327,316.7244822705021,27.935886644219973,Chaetodon spp.
Butterflyfish,1.062011303152811,1,AL,2025-04-16,5.5411315044643485,0.11157866320323288,5.322437324586012,5.759825684342685,254.96633184584235,204.88263942350022,317.2930149564822,28.262345679012345,Chaetodon spp.
Butterflyfish,1.0881809037452723,1,AL,2025-04-16,5.540394968410496,0.11288867066342384,5.319133173910185,5.761656762910807,254.77860909069437,204.206793475281,317.8745356385335,28.58880471380471,Chaetodon spp.
Butterflyfish,1.1143505043377337,1,AL,2025-04-16,5.539658432356643,0.11421722589935775,5.315792669593902,5.763524195119384,254.59102454921774,203.52577790128063,318.46869939226775,28.915263748597077,Chaetodon spp.
Butterflyfish,1.1405201049301956,1,AL,2025-04-16,5.53892189630279,0.11556368922023179,5.312417065431136,5.765426727174445,254.40357811965063,202.83991369247417,319.07517303623507,29.24172278338945,Chaetodon spp.
Butterflyfish,1.166689705522657,1,AL,2025-04-16,5.538185360248937,0.11692744197275148,5.309007573982344,5.76736314651553,254.21626970030584,202.1495103721812,319.6936349801426,29.568181818181813,Chaetodon spp.
Butterflyfish,1.1928593061151185,1,AL,2025-04-16,5.537448824195084,0.11830788626481102,5.3055653671160545,5.769332281274114,254.02909918957175,201.45486617995599,320.3237750406143,29.89464085297418,Chaetodon spp.
Butterflyfish,1.2190289067075804,1,AL,2025-04-16,5.536712288141231,0.11970444463201531,5.302091576662481,5.771332999619982,253.84206648591086,200.75626828285814,320.9652942295677,30.221099887766552,Chaetodon spp.
Butterflyfish,1.2451985073000418,1,AL,2025-04-16,5.535975752087379,0.12111655965608673,5.2985872951614486,5.773364209013309,253.65517148786066,200.05399300948363,321.6179045198358,30.547558922558917,Chaetodon spp.
Butterflyfish,1.2713681078925032,1,AL,2025-04-16,5.535239216033526,0.12254369354336055,5.295053576688539,5.775424855378513,253.46841409403336,199.34830610257185,322.2813285922147,30.874017957351285,Chaetodon spp.
Butterflyfish,1.297537708484965,1,AL,2025-04-16,5.534502679979673,0.12398532767076584,5.291491437744972,5.777513922214374,253.2817942031158,198.63946298643685,322.9552995676886,31.200476992143656,Chaetodon spp.
Butterflyfish,1.3237073090774265,1,AL,2025-04-16,5.533766143925821,0.12544096210592745,5.287901858198203,5.779630429653438,253.09531171386942,197.92770904586362,323.6395607281921,31.526936026936024,Chaetodon spp.
Butterflyfish,1.349876909669888,1,AL,2025-04-16,5.533029607871968,0.1269101151073063,5.284285782261647,5.781773433482289,252.90896652513015,197.213279913492,324.33386522888765,31.85339506172839,Chaetodon spp.
Butterflyfish,1.3760465102623498,1,AL,2025-04-16,5.532293071818115,0.12839232260962566,5.280644119503249,5.7839420241329815,252.72275853580854,196.496401763053,325.03797580459184,32.179854096520764,Chaetodon spp.
Butterflyfish,1.4022161108548112,1,AL,2025-04-16,5.5315565357642615,0.12988713769921215,5.276977745873806,5.786135325654717,252.53668764488916,195.77729160614726,325.75166447266264,32.50631313131313,Chaetodon spp.
Butterflyfish,1.4283857114472727,1,AL,2025-04-16,5.530819999710409,0.13139413008330875,5.273287504747124,5.788352494673694,252.3507537514318,195.05615759055246,326.4747122343609,32.83277216610549,Chaetodon spp.
Butterflyfish,1.454555312039734,1,AL,2025-04-16,5.530083463656556,0.13291288555689498,5.269574207965042,5.79059271934807,252.16495675456974,194.3331992983097,327.2069087764311,33.159231200897864,Chaetodon spp.
Butterflyfish,1.480724912632196,1,AL,2025-04-16,5.5293469276027025,0.13444300547007468,5.265838636881356,5.792855218324049,251.97929655351064,193.6086080420912,327.9480521744071,33.485690235690235,Chaetodon spp.
Butterflyfish,1.5068945132246574,1,AL,2025-04-16,5.52861039154885,0.13598410619865925,5.262081543399478,5.795139239698222,251.79377304753703,192.88256715856707,328.69794859892085,33.8121492704826,Chaetodon spp.
Butterflyfish,1.5330641138171188,1,AL,2025-04-16,5.527873855494998,0.13753581862018854,5.258303650999428,5.797444059990568,251.60838613600507,192.15525229768755,329.45641202609414,34.138608305274964,Chaetodon spp.
Butterflyfish,1.5592337144095807,1,AL,2025-04-16,5.527137319441145,0.13909778759727998,5.254505655750476,5.799768983131814,251.42313571834464,191.42683170697904,330.22326395292106,34.465067340067336,Chaetodon spp.
Butterflyfish,1.5854033150020421,1,AL,2025-04-16,5.526400783387292,0.14066967146988751,5.250688227306312,5.802113339468272,251.23802169406008,190.69746651010738,330.9983331183872,34.79152637485971,Chaetodon spp.
Butterflyfish,1.6115729155945036,1,AL,2025-04-16,5.525664247333439,0.1422511415577731,5.246852009880204,5.804476484786674,251.05304396273024,189.96731097910074,331.78145523092945,35.11798540965207,Chaetodon spp.
Butterflyfish,1.6377425161869654,1,AL,2025-04-16,5.524927711279586,0.14384188167424872,5.242997623198058,5.806857799361114,250.86820242400714,189.2365127997508,332.5724727027177,35.44444444444444,Chaetodon spp.
Parrotfish,-0.9530479424667302,1,AL,2025-04-16,5.132680472651824,0.11646634154281708,4.904406443227902,5.360954502075746,169.470771538766,134.88282562725814,212.9280897874414,3.125,Scarus spp.
Parrotfish,-0.9268783418742687,1,AL,2025-04-16,5.139683616098214,0.11511110218703743,4.914065855811621,5.365301376384807,170.66176514376346,136.19202737085638,213.85567602041294,3.451459034792368,Scarus spp.
Parrotfish,-0.900708741281807,1,AL,2025-04-16,5.146686759544604,0.11377457498490184,4.923688592574196,5.369684926515012,171.86112872167283,137.50889316437258,214.79518077555144,3.777918069584737,Scarus spp.
Parrotfish,-0.8745391406893455,1,AL,2025-04-16,5.153689902990993,0.11245742710559209,4.933273345864032,5.374106460117954,173.06892109434347,138.83321850783562,215.74700760156745,4.104377104377105,Scarus spp.
Parrotfish,-0.8483695400968839,1,AL,2025-04-16,5.160693046437383,0.11116034743269781,4.942818765469295,5.378567327405471,174.28520149700879,140.16478490316862,216.71157617683662,4.430836139169473,Scarus spp.
Parrotfish,-0.8221999395044224,1,AL,2025-04-16,5.167696189883773,0.10988404662843756,4.952323458492035,5.383068921275511,175.5100295811905,141.503359449216,217.68932273756727,4.7572951739618405,Scarus spp.
Parrotfish,-0.7960303389119607,1,AL,2025-04-16,5.174699333330163,0.10862925709705107,4.961785989419943,5.387612677240383,176.74346541762498,142.8486944631264,218.68070047986848,5.083754208754209,Scarus spp.
Parrotfish,-0.7698607383194992,1,AL,2025-04-16,5.181702476776552,0.10739673283395462,4.971204880422001,5.392200073131103,177.98556949920874,144.2005271343237,219.6861799294853,5.410213243546577,Scarus spp.
Parrotfish,-0.7436911377270377,1,AL,2025-04-16,5.188705620222942,0.10618724914646041,4.980578611895879,5.396832628550005,179.23640274396618,145.55857921788754,220.70624927238478,5.736672278338944,Scarus spp.
Parrotfish,-0.717521537134576,1,AL,2025-04-16,5.195708763669332,0.10500160223116176,4.989905623296255,5.401511904042409,180.49602649803626,146.92255677474316,221.74141463879212,6.063131313131314,Scarus spp.
Parrotfish,-0.6913519365421145,1,AL,2025-04-16,5.202711907115722,0.10384060859251448,4.999184314274394,5.40623949995705,181.76450253868163,148.2921499666263,222.7922003327202,6.389590347923681,Scarus spp.
Parrotfish,-0.6651823359496529,1,AL,2025-04-16,5.209715050562111,0.10270510428674177,5.008413046160097,5.411017054964125,183.04189307731832,149.66703291431233,223.8591489984999,6.716049382716049,Scarus spp.
Parrotfish,-0.6390127353571913,1,AL,2025-04-16,5.216718194008501,0.10159594397499948,5.017590143817502,5.4158462441995,184.32826076256748,151.0468636280692,224.9428217153601,7.042508417508418,Scarus spp.
Parrotfish,-0.6128431347647298,1,AL,2025-04-16,5.223721337454891,0.10051399976981311,5.026713897906057,5.420728777003725,185.62366868332685,152.4312840196806,226.04379801070775,7.368967452300784,Scarus spp.
Parrotfish,-0.5866735341722682,1,AL,2025-04-16,5.230724480901281,0.09946015985918569,5.035782567577277,5.425666394225285,186.92818037186564,153.81992000567894,227.16267578247792,7.695426487093154,Scarus spp.
Parrotfish,-0.5605039335798067,1,AL,2025-04-16,5.23772762434767,0.09843532689353747,5.0447943836363365,5.430660865059004,188.24185980694006,155.21238171157069,228.3000711207699,8.02188552188552,Scarus spp.
Parrotfish,-0.5343343329873451,1,AL,2025-04-16,5.24473076779406,0.09744041612182501,5.053747552195283,5.435713983392837,189.5647714169318,156.60826378683413,229.456618018995,8.348344556677889,Scarus spp.
Parrotfish,-0.5081647323948835,1,AL,2025-04-16,5.25173391124045,0.0964763532648559,5.062640258841332,5.4408275636395675,190.89698008300684,158.00714584025675,230.63296796496763,8.674803591470258,Scarus spp.
Parrotfish,-0.48199513180242193,1,AL,2025-04-16,5.25873705468684,0.09554407211601439,5.0714706733394515,5.446003436034228,192.23855114229818,159.40859300475327,231.8297894028087,9.001262626262626,Scarus spp.
Parrotfish,-0.45582553120996033,1,AL,2025-04-16,5.265740198133229,0.09464451186238464,5.080236954882955,5.451243441383503,193.58955039110995,160.8121566401086,233.0477670572131,9.327721661054994,Scarus spp.
Parrotfish,-0.42965593061749874,1,AL,2025-04-16,5.272743341579619,0.0937786141226346,5.088937257899255,5.456549425259983,194.9500440881449,162.21737518111556,234.28760111262133,9.654180695847362,Scarus spp.
Parrotfish,-0.4034863300250372,1,AL,2025-04-16,5.279746485026009,0.09294731970201701,5.097569738410056,5.461923231641962,196.32009895775312,163.62377513728572,235.55000624111216,9.98063973063973,Scarus spp.
Parrotfish,-0.37731672943257566,1,AL,2025-04-16,5.286749628472399,0.09215156506945471,5.106132560936268,5.46736669600853,197.69978219320512,165.03087224869708,236.8357104744644,10.307098765432098,Scarus spp.
Parrotfish,-0.3511471288401141,1,AL,2025-04-16,5.293752771918788,0.09139227856687322,5.114623905927717,5.472881637909859,199.08916145998685,166.43817280058144,238.14545391778202,10.633557800224466,Scarus spp.
Parrotfish,-0.32497752824765247,1,AL,2025-04-16,5.300755915365178,0.09067037636667222,5.1230419776865,5.478469853043856,200.4883048991191,167.84517509696565,239.47998730437627,10.960016835016836,Scarus spp.
Parrotfish,-0.29880792765519093,1,AL,2025-04-16,5.307759058811568,0.08998675819939872,5.131385012740746,5.48413310488239,201.89728113049838,169.2513710910638,240.8400703942049,11.286475869809202,Scarus spp.
Parrotfish,-0.2726383270627294,1,AL,2025-04-16,5.314762202257958,0.08934230288018179,5.139651288612802,5.489873115903114,203.31615925626292,170.65624816721584,242.22647022108424,11.61293490460157,Scarus spp.
Parrotfish,-0.24646872647026774,1,AL,2025-04-16,5.321765345704347,0.08873786366915337,5.147839132912806,5.495691558495888,204.74500886418147,172.05929106601562,243.6399591970288,11.93939393939394,Scarus spp.
Parrotfish,-0.2202991258778062,1,AL,2025-04-16,5.328768489150737,0.08817426350772875,5.1559469326755885,5.5015900456258855,206.18390003106688,173.45998394094883,245.08131308540484,12.265852974186307,Scarus spp.
Parrotfish,-0.19412952528534466,1,AL,2025-04-16,5.335771632597127,0.08765229017903382,5.163973143846221,5.507570121348033,207.63290332621185,174.8578125314277,246.55130885800995,12.592312008978674,Scarus spp.
Parrotfish,-0.16795992469288312,1,AL,2025-04-16,5.342774776043516,0.08717269144670674,5.171916300807971,5.513633251279061,209.0920898148505,176.25226643369538,248.05072245461548,12.918771043771041,Scarus spp.
Parrotfish,-0.14179032410042147,1,AL,2025-04-16,5.349777919489906,0.0867361702315127,5.1797750258361415,5.5197808131436705,210.56153106164436,177.6428414477553,249.5803264668172,13.245230078563411,Scarus spp.
Parrotfish,-0.11562072350795993,1,AL,2025-04-16,5.356781062936296,0.08634337988943443,5.187548038353005,5.526014087519587,212.04129913419087,179.02904197540533,251.14088777111445,13.571689113355779,Scarus spp.
Parrotfish,-0.0894511229154984,1,AL,2025-04-16,5.363784206382686,0.08599491965788708,5.195234163853227,5.532334248912145,213.5314666065588,180.41038344174956,252.73316513885555,13.898148148148147,Scarus spp.
Parrotfish,-0.06328152232303674,1,AL,2025-04-16,5.370787349829075,0.0856913303382305,5.202832342366143,5.538742357292007,215.03210656284728,181.7863947103307,254.3579068529049,14.224607182940517,Scarus spp.
Parrotfish,-0.037111921730575204,1,AL,2025-04-16,5.377790493275465,0.08543309028262443,5.210341636321521,5.545239350229409,216.5432926007706,183.15662046041473,256.01584836250794,14.551066217732885,Scarus spp.
Parrotfish,-0.010942321138113664,1,AL,2025-04-16,5.384793636721855,0.0852206117513621,5.217761237689185,5.551826035754525,218.065098835267,184.52062349405318,257.70771000872594,14.87752525252525,Scarus spp.
Parrotfish,0.015227279454347875,1,AL,2025-04-16,5.391796780168245,0.08505423770305487,5.2250904742702575,5.558503086066232,219.59759990213402,185.87798694044153,259.4341948529346,15.203984287317619,Scarus spp.
Parrotfish,0.041396880046809525,1,AL,2025-04-16,5.398799923614634,0.08493423907443423,5.232328815028743,5.565271032200525,221.1408709616888,187.22831632582117,261.19598664013574,15.530443322109988,Scarus spp.
Parrotfish,0.06756648063927106,1,AL,2025-04-16,5.405803067061024,0.08486081259917658,5.239475874366638,5.57213025975541,222.69498770245485,188.5712414787823,262.99374792723444,15.856902356902356,Scarus spp.
Parrotfish,0.09373608123173272,1,AL,2025-04-16,5.412806210507414,0.08483407920621291,5.246531415263236,5.579081005751592,224.26002634487313,189.90641824326426,264.8281184039813,16.183361391694724,Scarus spp.
Parrotfish,0.11990568182419414,1,AL,2025-04-16,5.419809353953804,0.08485408302770982,5.253495351219493,5.586123356688115,225.83606364504087,191.2335299748038,266.69971343104305,16.509820426487092,Scarus spp.
Parrotfish,0.1460752824166558,1,AL,2025-04-16,5.426812497400193,0.0849207910356172,5.260367746970383,5.593257247830003,227.42317689847573,192.55228879951062,268.6091228157182,16.83627946127946,Scarus spp.
Parrotfish,0.17224488300911744,1,AL,2025-04-16,5.433815640846583,0.08503409331374376,5.267148817951645,5.600482463741521,229.02144394390737,193.86243661978204,270.55690984129586,17.16273849607183,Scarus spp.
Parrotfish,0.19841448360157887,1,AL,2025-04-16,5.440818784292973,0.08519380396014738,5.2738389285310845,5.607798640054861,230.63094316709396,195.1637458556938,272.5436105611185,17.489197530864196,Scarus spp.
Parrotfish,0.22458408419404052,1,AL,2025-04-16,5.447821927739363,0.08539966260263322,5.2804385890382015,5.615205266440524,232.25175350466714,196.45601991621058,274.5697333632164,17.815656565656564,Scarus spp.
Parrotfish,0.25075368478650195,1,AL,2025-04-16,5.454825071185752,0.08565133649874462,5.286948451648213,5.622701690723291,233.8839544480032,197.73909339961844,276.6357588061097,18.142115600448932,Scarus spp.
Parrotfish,0.2769232853789636,1,AL,2025-04-16,5.461828214632142,0.08594842318118931,5.293369305197011,5.630287124067273,235.5276260471224,199.01283202773436,278.7421397212336,18.4685746352413,Scarus spp.
Parrotfish,0.30309288597142525,1,AL,2025-04-16,5.468831358078532,0.08629045360049073,5.29970206902157,5.637960647135494,237.18284891461366,200.27713232333227,280.88930157254237,18.795033670033668,Scarus spp.
Parrotfish,0.3292624865638867,1,AL,2025-04-16,5.475834501524922,0.08667689570905336,5.305947785935177,5.645721217114667,238.8497042295891,201.53192104466314,283.077643059429,19.121492704826036,Scarus spp.
Parrotfish,0.35543208715634833,1,AL,2025-04-16,5.482837644971311,0.08710715842496417,5.312107614458381,5.653567675484241,240.5282737416649,202.7771543948322,285.30753694519586,19.447951739618407,Scarus spp.
Parrotfish,0.38160168774881,1,AL,2025-04-16,5.489840788417701,0.08758059590982198,5.3181828204344495,5.6614987564009525,242.2186397749715,204.01281702702838,287.5793310900883,19.774410774410775,Scarus spp.
Parrotfish,0.4077712883412714,1,AL,2025-04-16,5.496843931864091,0.08809651209271153,5.324174768162377,5.669513095565805,243.92088523218996,205.23892086910382,289.8933496653937,20.10086980920314,Scarus spp.
Parrotfish,0.43394088893373306,1,AL,2025-04-16,5.503847075310481,0.0886541653720627,5.330084911181238,5.6776092394397235,245.6350935986185,206.45550379276682,292.24989452335427,20.427328843995507,Scarus spp.
Parrotfish,0.4601104895261947,1,AL,2025-04-16,5.51085021875687,0.08925277342843099,5.335914782837145,5.685785654676595,247.36134894626673,207.662628153666,294.6492466966139,20.75378787878788,Scarus spp.
Parrotfish,0.48628009011865614,1,AL,2025-04-16,5.51785336220326,0.08989151808402535,5.34166598675857,5.69404073764795,249.09973593797966,208.86037922894326,297.09166800063144,21.080246913580247,Scarus spp.
Parrotfish,0.5124496907111178,1,AL,2025-04-16,5.52485650564965,0.09056955014886904,5.347340187357867,5.702372823941433,250.85033983158866,210.04886357848125,299.5774027128326,21.406705948372615,Scarus spp.
Parrotfish,0.5386192913035794,1,AL,2025-04-16,5.53185964909604,0.09128599419856462,5.352939100466854,5.710780197725226,252.6132464840937,211.22820735514358,302.10667930321563,21.733164983164983,Scarus spp.
Parrotfish,0.5647888918960409,1,AL,2025-04-16,5.538862792542429,0.09203995323448545,5.3584644842028375,5.7192611008820204,254.38854235587382,212.39855458788355,304.67971219253224,22.05962401795735,Scarus spp.
Parrotfish,0.5909584924885025,1,AL,2025-04-16,5.545865935988819,0.09283051318357662,5.363918130149009,5.727813741828629,256.17631451492815,213.56006545978553,307.2967035159912,22.38608305274972,Scarus spp.
Parrotfish,0.617128093080964,1,AL,2025-04-16,5.552869079435209,0.0936567472015772,5.369301854920118,5.7364363039503,257.97665064114506,214.7129146009996,309.9578448725207,22.712542087542083,Scarus spp.
Parrotfish,0.6432976936734256,1,AL,2025-04-16,5.559872222881599,0.09451771975015114,5.374617492171303,5.745126953591895,259.78963903060304,215.85728941423648,312.6633190419364,23.039001122334458,Scarus spp.
Parrotfish,0.6694672942658872,1,AL,2025-04-16,5.566875366327988,0.09541249042494442,5.379866885095097,5.753883847560879,261.61536859990065,216.9933884480786,315.4133016547579,23.365460157126822,Scarus spp.
Parrotfish,0.6956368948583487,1,AL,2025-04-16,5.573878509774378,0.09634011751781359,5.385051879439463,5.762705140109293,263.4539288905184,218.12141983093625,318.2079628018548,23.691919191919187,Scarus spp.
Parrotfish,0.7218064954508103,1,AL,2025-04-16,5.580881653220768,0.09729966130226857,5.390174317068322,5.771588989373214,265.30541007320886,219.24159977608934,321.04746857347993,24.01837822671156,Scarus spp.
Parrotfish,0.747976096043272,1,AL,2025-04-16,5.587884796667158,0.09829018703644965,5.395236030075717,5.780533563258599,267.1699029524198,220.3541511659756,323.9319825195424,24.344837261503926,Scarus spp.
Parrotfish,0.7741456966357334,1,AL,2025-04-16,5.594887940113547,0.0993107676826554,5.400238835455542,5.789537044771552,269.0474989707473,221.45930222173777,326.86166702510735,24.671296296296294,Scarus spp.
Parrotfish,0.800315297228195,1,AL,2025-04-16,5.601891083559937,0.10036048634652225,5.405184530320753,5.798597636799121,270.9382902134214,222.55728526208622,329.8366845970757,24.997755331088666,Scarus spp.
Parrotfish,0.8264848978206567,1,AL,2025-04-16,5.608894227006327,0.10143843844241998,5.410074887659183,5.8077135663534705,272.84236941282074,223.64833555376356,332.85719905975583,25.32421436588103,Scarus spp.
Parrotfish,0.8526544984131181,1,AL,2025-04-16,5.615897370452716,0.10254373359448545,5.4149116526075245,5.8168830882979075,274.7598299530216,224.7326902543532,335.92337665859895,25.650673400673398,Scarus spp.
Parrotfish,0.8788240990055798,1,AL,2025-04-16,5.622900513899106,0.10367549728499499,5.419696539220515,5.8261044885776965,276.69076587437826,225.8105874468261,339.03538707270684,25.97713243546577,Scarus spp.
Parrotfish,0.9049936995980412,1,AL,2025-04-16,5.629903657345496,0.10483287226351869,5.424431227708999,5.835376086981992,278.6352718781339,226.88226526409352,342.1934043378425,26.303591470258137,Scarus spp.
Parrotfish,0.9311633001905029,1,AL,2025-04-16,5.636906800791886,0.10601501973155256,5.429117362118043,5.844696239465729,280.59344333106594,227.94796110090468,345.3976076826232,26.6300505050505,Scarus spp.
Parrotfish,0.9573329007829645,1,AL,2025-04-16,5.643909944238276,0.10722112031814326,5.433756548414715,5.8540633400618365,282.56537627016314,229.00791090968875,348.64818228129127,26.95650953984287,Scarus spp.
Parrotfish,0.9835025013754259,1,AL,2025-04-16,5.650913087684665,0.10845037486245981,5.438350352954243,5.8634758224150865,284.55116740733536,230.0623485763641,351.9453199270519,27.282968574635238,Scarus spp.
Parrotfish,1.0096721019678876,1,AL,2025-04-16,5.657916231131055,0.1097020050193814,5.442900301293068,5.872932160969042,286.55091413415767,231.1115053717319,355.2892196303643,27.609427609427605,Scarus spp.
Parrotfish,1.0358417025603492,1,AL,2025-04-16,5.664919374577445,0.11097525370401609,5.447407877317573,5.882430871837316,288.5647145266453,232.155609473779,358.68008814686533,27.935886644219973,Scarus spp.
Parrotfish,1.062011303152811,1,AL,2025-04-16,5.671922518023834,0.11226938539068927,5.451874522658083,5.891970513389585,290.5926673500647,233.19488555606787,362.11814043975744,28.262345679012345,Scarus spp.
Parrotfish,1.0881809037452723,1,AL,2025-04-16,5.678925661470224,0.11358368628139129,5.456301636358697,5.901549686581751,292.63487206377783,234.2295544373148,365.60360008156687,28.58880471380471,Scarus spp.
Parrotfish,1.1143505043377337,1,AL,2025-04-16,5.685928804916614,0.11491746435799018,5.4606905747749535,5.911167035058274,294.6914288261189,235.2598327872872,369.1366996001379,28.915263748597077,Scarus spp.
Parrotfish,1.1405201049301956,1,AL,2025-04-16,5.692931948363004,0.11627004933173633,5.465042651672801,5.920821245053207,296.76243849930717,236.28593288423903,372.7176807736635,29.24172278338945,Scarus spp.
Parrotfish,1.166689705522657,1,AL,2025-04-16,5.699935091809393,0.11764079250274063,5.4693591385040214,5.9305110451147645,298.84800265439355,237.30806241924446,376.346794879388,29.568181818181813,Scarus spp.
Parrotfish,1.1928593061151185,1,AL,2025-04-16,5.706938235255783,0.11902906654122504,5.473641264834982,5.940235205676584,300.9482235762427,238.32642434297523,380.0243029004507,29.89464085297418,Scarus spp.
Parrotfish,1.2190289067075804,1,AL,2025-04-16,5.713941378702173,0.1204342652014447,5.4778902189073415,5.949992538497004,303.0632042685485,239.34121675068303,383.7504756951053,30.221099887766552,Scarus spp.
Parrotfish,1.2451985073000418,1,AL,2025-04-16,5.720944522148563,0.1218558029782844,5.482107148311125,5.9597818959860005,305.1930484588861,240.35263280138702,387.525594132333,30.547558922558917,Scarus spp.
Parrotfish,1.2713681078925032,1,AL,2025-04-16,5.727947665594952,0.12329311471565249,5.486293160752273,5.969602170437631,307.3378606037993,241.3608606675126,391.34994919760123,30.874017957351285,Scarus spp.
Parrotfish,1.297537708484965,1,AL,2025-04-16,5.734950809041342,0.12474565517494247,5.490449324898455,5.979452293184229,309.49774589392433,242.36608351148934,395.2238420722729,31.200476992143656,Scarus spp.
Parrotfish,1.3237073090774265,1,AL,2025-04-16,5.741953952487732,0.1262128985710188,5.494576671288535,5.989331233686928,311.6728102591471,243.36847948606876,399.1475841899031,31.526936026936024,Scarus spp.
Parrotfish,1.349876909669888,1,AL,2025-04-16,5.748957095934122,0.12769433808241043,5.498676193292598,5.999237998575646,313.8631603737999,244.36822175538745,403.12149727241626,31.85339506172839,Scarus spp.
Parrotfish,1.3760465102623498,1,AL,2025-04-16,5.755960239380512,0.1291894853416702,5.502748848110838,6.009171630650186,316.06890366189236,245.36547853403897,407.14591334889747,32.179854096520764,Scarus spp.
Parrotfish,1.4022161108548112,1,AL,2025-04-16,5.762963382826901,0.1306978699111823,5.5067955578009835,6.019131207852818,318.29014830238015,246.36041314166667,411.2211747594969,32.50631313131313,Scarus spp.
Parrotfish,1.4283857114472727,1,AL,2025-04-16,5.769966526273291,0.13221903874907373,5.510817210325106,6.029115842221476,320.5270032344715,247.35318407081462,415.34763414671977,32.83277216610549,Scarus spp.
Parrotfish,1.454555312039734,1,AL,2025-04-16,5.776969669719681,0.1337525556693098,5.514814660607834,6.039124678831528,322.77957816296845,248.34394506599145,419.52565443614395,33.159231200897864,Scarus spp.
Parrotfish,1.480724912632196,1,AL,2025-04-16,5.78397281316607,0.13529800079952622,5.518788731598999,6.049156894733141,325.04798356364773,249.33284521210723,423.7556088084254,33.485690235690235,Scarus spp.
Parrotfish,1.5068945132246574,1,AL,2025-04-16,5.79097595661246,0.13685497003967156,5.522740215334704,6.059211697890216,327.3323306886802,250.3200290306326,428.03788066424187,33.8121492704826,Scarus spp.
Parrotfish,1.5330641138171188,1,AL,2025-04-16,5.79797910005885,0.1384230745240989,5.526669873991616,6.069288326126084,329.63273157208533,251.30563658200452,432.37286358365435,34.138608305274964,Scarus spp.
Parrotfish,1.5592337144095807,1,AL,2025-04-16,5.80498224350524,0.1400019400893541,5.530578440930106,6.079386046080374,331.94929903522683,252.28980357296885,436.76096128121367,34.465067340067336,Scarus spp.
Parrotfish,1.5854033150020421,1,AL,2025-04-16,5.811985386951629,0.14159120674955766,5.534466621722496,6.089504152180762,334.2821466923454,253.2726614676983,441.20258755797187,34.79152637485971,Scarus spp.
Parrotfish,1.6115729155945036,1,AL,2025-04-16,5.818988530398019,0.14319052818096206,5.538335095163333,6.0996419656327046,336.63138895613207,254.25433760166345,445.69816625143494,35.11798540965207,Scarus spp.
Parrotfish,1.6377425161869654,1,AL,2025-04-16,5.825991673844409,0.14479957121698886,5.542184514259111,6.109798833429707,338.99714104333754,255.2349552973519,450.24813118436055,35.44444444444444,Scarus spp.
Rabbitfish,-0.9530479424667302,1,AL,2025-04-16,5.623303651722137,0.11349163581211524,5.400860045530391,5.8457472579138825,276.8023328743133,221.59691771108564,345.76081777706594,3.125,Siganus spp.
Rabbitfish,-0.9268783418742687,1,AL,2025-04-16,5.622220903626247,0.11216635470691226,5.402374848400699,5.842066958851795,276.5027878706112,221.93284772772637,344.49065328993544,3.451459034792368,Siganus spp.
Rabbitfish,-0.900708741281807,1,AL,2025-04-16,5.621138155530358,0.11086023243516206,5.40385209995744,5.838424211103275,276.20356702317,222.26094065074912,343.2380435939888,3.777918069584737,Siganus spp.
Rabbitfish,-0.8745391406893455,1,AL,2025-04-16,5.620055407434467,0.10957395411927828,5.405290457360682,5.834820357508253,275.90466998119996,222.58086134517893,342.0032902082381,4.104377104377105,Siganus spp.
Rabbitfish,-0.8483695400968839,1,AL,2025-04-16,5.618972659338578,0.10830822676742285,5.406688534874429,5.8312567838027265,275.60609639429134,222.89226427440983,340.7867052585737,4.430836139169473,Siganus spp.
Rabbitfish,-0.8221999395044224,1,AL,2025-04-16,5.617889911242688,0.10706377925371179,5.408044903905413,5.827734918579964,275.30784591241326,223.19479356321548,339.5886114138492,4.7572951739618405,Siganus spp.
Rabbitfish,-0.7960303389119607,1,AL,2025-04-16,5.616807163146799,0.10584136218457225,5.409358093265038,5.82425623302856,275.0099181859136,223.48808312146255,338.4093417612733,5.083754208754209,Siganus spp.
Rabbitfish,-0.7698607383194992,1,AL,2025-04-16,5.6157244150509085,0.10464174763686968,5.410626589682644,5.820822240419173,274.7123128655184,223.7717568357871,337.2492396138408,5.410213243546577,Siganus spp.
Rabbitfish,-0.7436911377270377,1,AL,2025-04-16,5.614641666955019,0.10346572875268935,5.411848838599748,5.81743449531029,274.41502960233265,224.0454288368419,336.10865824219945,5.736672278338944,Siganus spp.
Rabbitfish,-0.717521537134576,1,AL,2025-04-16,5.6135589188591295,0.10231411917504882,5.413023245276034,5.814094592442225,274.1180680478378,224.30870384996607,334.98796052309507,6.063131313131314,Siganus spp.
Rabbitfish,-0.6913519365421145,1,AL,2025-04-16,5.61247617076324,0.10118775230837647,5.414148176238822,5.810804165287658,273.82142785389306,224.56117763731518,333.88751849636583,6.389590347923681,Siganus spp.
Rabbitfish,-0.6651823359496529,1,AL,2025-04-16,5.61139342266735,0.10008748038736334,5.415221961108117,5.807564884226582,273.52510867273384,224.80243753952828,332.8077128224001,6.716049382716049,Siganus spp.
Rabbitfish,-0.6390127353571913,1,AL,2025-04-16,5.61031067457146,0.09901417333783372,5.416242894829306,5.804378454313614,273.2291101569728,225.03206312492452,331.748932132074,7.042508417508418,Siganus spp.
Rabbitfish,-0.6128431347647298,1,AL,2025-04-16,5.609227926475571,0.09796871741363447,5.417209240344847,5.8012466126062945,272.9334319595977,225.24962695396292,330.7115722614243,7.368967452300784,Siganus spp.
Rabbitfish,-0.5866735341722682,1,AL,2025-04-16,5.608145178379681,0.09695201359427659,5.418119231734899,5.798171125024464,272.6380737339722,225.45469546624253,329.6960353637903,7.695426487093154,Siganus spp.
Rabbitfish,-0.5605039335798067,1,AL,2025-04-16,5.607062430283791,0.09596497572922771,5.418971077854504,5.7951537827130775,272.3430351338347,225.64682999663094,328.7027288928301,8.02188552188552,Siganus spp.
Rabbitfish,-0.5343343329873451,1,AL,2025-04-16,5.605979682187901,0.09500852841641101,5.419762966491736,5.792196397884067,272.048315813299,225.82558792617783,327.7320644507582,8.348344556677889,Siganus spp.
Rabbitfish,-0.5081647323948835,1,AL,2025-04-16,5.604896934092012,0.09408360460466499,5.420493069066868,5.7893007991171554,271.7539154268527,225.9905239722429,326.7844564973688,8.674803591470258,Siganus spp.
Rabbitfish,-0.48199513180242193,1,AL,2025-04-16,5.603814185996122,0.09319114291270465,5.421159545887221,5.786468826105024,271.45983362935726,226.14119162076034,325.8603209169318,9.001262626262626,Siganus spp.
Rabbitfish,-0.45582553120996033,1,AL,2025-04-16,5.602731437900232,0.09233208466053168,5.42176055196559,5.783702323834874,271.1660700760477,226.27714470171566,324.96007344187814,9.327721661054994,Siganus spp.
Rabbitfish,-0.42965593061749874,1,AL,2025-04-16,5.601648689804343,0.09150737061328601,5.422294243402303,5.781003136206384,270.8726244225328,226.3979391067695,324.08412793434576,9.654180695847362,Siganus spp.
Rabbitfish,-0.4034863300250372,1,AL,2025-04-16,5.600565941708454,0.0907179374422127,5.422758784321717,5.778373099095191,270.5794963247928,226.50313464548003,323.23289452912456,9.98063973063973,Siganus spp.
Rabbitfish,-0.37731672943257566,1,AL,2025-04-16,5.599483193612564,0.089964713912708,5.423152354343657,5.775814032881472,270.28668543918104,226.59229703382252,322.4067776443177,10.307098765432098,Siganus spp.
Rabbitfish,-0.3511471288401141,1,AL,2025-04-16,5.598400445516674,0.08924861681525276,5.423473156558779,5.773327734474569,269.9941914224224,226.6650000056543,321.6061738690544,10.633557800224466,Siganus spp.
Rabbitfish,-0.32497752824765247,1,AL,2025-04-16,5.5973176974207846,0.0885705466613506,5.423719425964538,5.7709159688770315,269.7020139316138,226.72082753453603,320.8314697408564,10.960016835016836,Siganus spp.
Rabbitfish,-0.29880792765519093,1,AL,2025-04-16,5.596234949324895,0.08793138317324137,5.423889438305342,5.768580460344448,269.4101526242227,226.75937614991165,320.0830394286444,11.286475869809202,Siganus spp.
Rabbitfish,-0.2726383270627294,1,AL,2025-04-16,5.595152201229006,0.08733198060299874,5.423981519247128,5.766322883210883,269.1186071580873,226.78025732819088,319.361242340851,11.61293490460157,Siganus spp.
Rabbitfish,-0.24646872647026774,1,AL,2025-04-16,5.594069453133115,0.08677316292345201,5.423994053803149,5.764144852463081,268.82737719141596,226.78309993584614,318.6664206815213,11.93939393939394,Siganus spp.
Rabbitfish,-0.2202991258778062,1,AL,2025-04-16,5.592986705037226,0.08625571893997283,5.423925495914879,5.762047914159573,268.53646238278753,226.7675526983681,317.9988969805609,12.265852974186307,Siganus spp.
Rabbitfish,-0.19412952528534466,1,AL,2025-04-16,5.591903956941336,0.08578039737829077,5.423774378079886,5.760033535802786,268.24586239114973,226.73328666592735,317.3589716272785,12.592312008978674,Siganus spp.
Rabbitfish,-0.16795992469288312,1,AL,2025-04-16,5.590821208845446,0.0853479020088813,5.423539320908039,5.758103096782853,267.95557687581925,226.67999764402867,316.7469204389437,12.918771043771041,Siganus spp.
Rabbitfish,-0.14179032410042147,1,AL,2025-04-16,5.589738460749556,0.08495888687283971,5.423219042478791,5.756257879020322,267.66560549648227,226.60740855542147,316.1629922980928,13.245230078563411,Siganus spp.
Rabbitfish,-0.11562072350795993,1,AL,2025-04-16,5.588655712653667,0.08461395167725354,5.42281236736625,5.754499057941084,267.3759479131924,226.5152716981978,315.6074068936473,13.571689113355779,Siganus spp.
Rabbitfish,-0.0894511229154984,1,AL,2025-04-16,5.587572964557777,0.08431363742967952,5.422318235195606,5.752827693919949,267.0866037863715,226.40337086448736,315.0803526014441,13.898148148148147,Siganus spp.
Rabbitfish,-0.06328152232303674,1,AL,2025-04-16,5.586490216461887,0.0840584223812258,5.421735708594684,5.75124472432909,266.7975727768086,226.27152328451018,314.5819845394097,14.224607182940517,Siganus spp.
Rabbitfish,-0.037111921730575204,1,AL,2025-04-16,5.5854074683659976,0.08384871834579175,5.421063980408245,5.74975095632375,266.5088545456605,226.1195813620808,314.1124228312891,14.551066217732885,Siganus spp.
Rabbitfish,-0.010942321138113664,1,AL,2025-04-16,5.584324720270108,0.08368486745916197,5.420302380050151,5.748347060490065,266.22044875445,225.94743416994578,313.67175111054166,14.87752525252525,Siganus spp.
Rabbitfish,0.015227279454347875,1,AL,2025-04-16,5.583241972174219,0.08356713943588916,5.419450378879876,5.747033565468561,265.9323550650665,225.7550086766254,313.2600152927411,15.203984287317619,Siganus spp.
Rabbitfish,0.041396880046809525,1,AL,2025-04-16,5.582159224078328,0.08349572937433042,5.418507594504641,5.745810853652015,265.6445731397649,225.5422706806009,312.8772226406313,15.530443322109988,Siganus spp.
Rabbitfish,0.06756648063927106,1,AL,2025-04-16,5.581076475982439,0.08347075615100026,5.4174737939264785,5.744679158038399,265.3571026411664,225.3092254326827,312.5233411410079,15.856902356902356,Siganus spp.
Rabbitfish,0.09373608123173272,1,AL,2025-04-16,5.579993727886549,0.0834922614348319,5.416348895474279,5.74363856029882,265.06994323225666,225.0559179330455,312.1982992069325,16.183361391694724,Siganus spp.
Rabbitfish,0.11990568182419414,1,AL,2025-04-16,5.578910979790661,0.08356020934032615,5.415132969483621,5.7426889900977,264.7830945763864,224.78243289555704,311.9019857126627,16.509820426487092,Siganus spp.
Rabbitfish,0.1460752824166558,1,AL,2025-04-16,5.57782823169477,0.08367448672630258,5.413826237711217,5.741830225678323,264.4965563372697,224.48889437843675,311.6342503622501,16.83627946127946,Siganus spp.
Rabbitfish,0.17224488300911744,1,AL,2025-04-16,5.576745483598881,0.08383490413446829,5.412429071495323,5.741061895702439,264.210328178986,224.17546508676287,311.3949043863028,17.16273849607183,Siganus spp.
Rabbitfish,0.19841448360157887,1,AL,2025-04-16,5.575662735502991,0.08404119734972265,5.410941988697535,5.740383482308448,263.9244097659774,223.84234535864366,311.18372155507694,17.489197530864196,Siganus spp.
Rabbitfish,0.22458408419404052,1,AL,2025-04-16,5.574579987407102,0.08429302955244175,5.409365649484316,5.739794325329887,263.63880076304923,223.489771852805,311.00043949016367,17.815656565656564,Siganus spp.
Rabbitfish,0.25075368478650195,1,AL,2025-04-16,5.573497239311211,0.08458999402232426,5.407700851027456,5.739293627594967,263.3535008353694,223.11801596067988,310.8447612516748,18.142115600448932,Siganus spp.
Rabbitfish,0.2769232853789636,1,AL,2025-04-16,5.572414491215322,0.08493161734406762,5.4059485212209495,5.738880461209694,263.0685096484688,222.72738197069415,310.7163571732386,18.4685746352413,Siganus spp.
Rabbitfish,0.30309288597142525,1,AL,2025-04-16,5.5713317431194325,0.08531736305744364,5.404109711526843,5.738553774712022,262.78382686823977,222.3182050161519,310.61486691339553,18.795033670033668,Siganus spp.
Rabbitfish,0.3292624865638867,1,AL,2025-04-16,5.570248995023543,0.0857466356884421,5.402185589074197,5.738312400972889,262.49945216093613,221.89084884090255,310.5399016892206,19.121492704826036,Siganus spp.
Rabbitfish,0.35543208715634833,1,AL,2025-04-16,5.569166246927653,0.08621878509415114,5.400177428143117,5.7381550657121885,262.21538519317284,221.44570341871403,310.4910466562408,19.447951739618407,Siganus spp.
Rabbitfish,0.38160168774881,1,AL,2025-04-16,5.568083498831763,0.0867331110519545,5.398086601169933,5.738080396493594,261.9316256319263,220.98318246305007,310.46786339795494,19.774410774410775,Siganus spp.
Rabbitfish,0.4077712883412714,1,AL,2025-04-16,5.567000750735874,0.0872888680233864,5.395914569410036,5.738086932061711,261.64817314453256,220.50372086374512,310.4698924884552,20.10086980920314,Siganus spp.
Rabbitfish,0.43394088893373306,1,AL,2025-04-16,5.565918002639984,0.08788527002445805,5.393662873392047,5.738173131887922,261.3650273986879,220.00777208601232,310.49665609272364,20.427328843995507,Siganus spp.
Rabbitfish,0.4601104895261947,1,AL,2025-04-16,5.564835254544094,0.08852149553726422,5.391333123291056,5.738337385797132,261.0821880624481,219.495805565371,310.5476605710113,20.75378787878788,Siganus spp.
Rabbitfish,0.48628009011865614,1,AL,2025-04-16,5.563752506448204,0.08919669240196137,5.38892698934036,5.738578023556048,260.7996548042287,218.96830412961828,310.62239905617804,21.080246913580247,Siganus spp.
Rabbitfish,0.5124496907111178,1,AL,2025-04-16,5.562669758352315,0.089909982633524,5.386446192390608,5.738893324314022,260.51742729280335,218.42576147597106,310.72035397586274,21.406705948372615,Siganus spp.
Rabbitfish,0.5386192913035794,1,AL,2025-04-16,5.561587010256425,0.0906604671137608,5.3838924947134545,5.739281525799396,260.2355051973046,217.86867972818683,310.84099949468185,21.733164983164983,Siganus spp.
Rabbitfish,0.5647888918960409,1,AL,2025-04-16,5.560504262160535,0.09144723011564791,5.381267691133865,5.739740833187205,259.9538881872225,217.29756709489243,310.983803855222,22.05962401795735,Siganus spp.
Rabbitfish,0.5909584924885025,1,AL,2025-04-16,5.5594215140646455,0.09226934362385736,5.378573600561885,5.740269427567406,259.6725759324057,216.71293564671475,311.1482316002358,22.38608305274972,Siganus spp.
Rabbitfish,0.617128093080964,1,AL,2025-04-16,5.558338765968756,0.0931258714222042,5.375812057981236,5.740865473956276,259.3915681030594,216.11529922616413,311.33374566208556,22.712542087542083,Siganus spp.
Rabbitfish,0.6432976936734256,1,AL,2025-04-16,5.5572560178728665,0.09401587292540872,5.372984906939066,5.741527128806667,259.11086436974585,215.50517150073028,311.53980930898126,23.039001122334458,Siganus spp.
Rabbitfish,0.6694672942658872,1,AL,2025-04-16,5.556173269776976,0.09493840673890908,5.370093992568714,5.742252546985238,258.8304644033836,214.88306416633603,311.7658879408631,23.365460157126822,Siganus spp.
Rabbitfish,0.6956368948583487,1,AL,2025-04-16,5.5550905216810875,0.0958925339363431,5.367141155165855,5.74303988819632,258.5503678752482,214.249485305265,312.01145073081506,23.691919191919187,Siganus spp.
Rabbitfish,0.7218064954508103,1,AL,2025-04-16,5.554007773585198,0.09687732104965091,5.3641282243278825,5.743887322842514,258.2705744569697,213.6049378999327,312.27597211063414,24.01837822671156,Siganus spp.
Rabbitfish,0.747976096043272,1,AL,2025-04-16,5.5529250254893086,0.09789184277147817,5.361057013657211,5.744793037321406,257.99108382053424,212.94991850149276,312.558933101575,24.344837261503926,Siganus spp.
Rabbitfish,0.7741456966357334,1,AL,2025-04-16,5.551842277393418,0.098935184373653,5.357929316021059,5.745755238765778,257.7118956382826,212.2849160501893,312.8598224933459,24.671296296296294,Siganus spp.
Rabbitfish,0.800315297228195,1,AL,2025-04-16,5.550759529297529,0.10000644384896339,5.35474689935356,5.746772159241497,257.43300958291076,211.61041084266972,313.1781378761531,24.997755331088666,Siganus spp.
Rabbitfish,0.8264848978206567,1,AL,2025-04-16,5.549676781201639,0.10110473378629344,5.351511502980504,5.747842059422775,257.1544253274682,210.92687364008165,313.51338653195813,25.32421436588103,Siganus spp.
Rabbitfish,0.8526544984131181,1,AL,2025-04-16,5.54859403310575,0.10222918299141838,5.348224834442569,5.74896323176893,256.87614254535845,210.23476490970248,313.8650861922126,25.650673400673398,Siganus spp.
Rabbitfish,0.8788240990055798,1,AL,2025-04-16,5.547511285009859,0.1033789378674534,5.344888566789651,5.750134003230068,256.5981609103383,209.53453419206537,314.2327656700954,25.97713243546577,Siganus spp.
Rabbitfish,0.9049936995980412,1,AL,2025-04-16,5.54642853691397,0.1045531635701518,5.341504336316472,5.751352737511468,256.3204800965182,208.82661958500836,314.61596537583466,26.303591470258137,Siganus spp.
Rabbitfish,0.9311633001905029,1,AL,2025-04-16,5.54534578881808,0.10575104495401118,5.338073740708219,5.752617836927942,256.0430997783606,208.1114473357666,315.0142377239839,26.6300505050505,Siganus spp.
Rabbitfish,0.9573329007829645,1,AL,2025-04-16,5.54426304072219,0.10697178732552762,5.334598337564156,5.753927743880224,255.76601963068032,207.3894315321119,315.4271474416602,26.95650953984287,Siganus spp.
Rabbitfish,0.9835025013754259,1,AL,2025-04-16,5.5431802926263005,0.10821461701999768,5.331079643267105,5.755280941985496,255.4892393286446,206.66097388359674,315.8542717866795,27.282968574635238,Siganus spp.
Rabbitfish,1.0096721019678876,1,AL,2025-04-16,5.542097544530411,0.10947878181805767,5.327519132167018,5.756675956893804,255.21275854777164,205.92646358413003,316.29520068436113,27.609427609427605,Siganus spp.
Rabbitfish,1.0358417025603492,1,AL,2025-04-16,5.5410147964345215,0.11076355121772335,5.323918236047784,5.758111356821259,254.936576963931,205.18627724741506,316.7495367914771,27.935886644219973,Siganus spp.
Rabbitfish,1.062011303152811,1,AL,2025-04-16,5.539932048338632,0.11206821657709566,5.320278343847525,5.759585752829739,254.66069425334294,204.44077890713965,317.2168954954505,28.262345679012345,Siganus spp.
Rabbitfish,1.0881809037452723,1,AL,2025-04-16,5.538849300242742,0.11339209114217205,5.316600801604085,5.761097798881399,254.38511009257795,203.69032007424354,317.6969048564805,28.58880471380471,Siganus spp.
Rabbitfish,1.1143505043377337,1,AL,2025-04-16,5.537766552146852,0.11473450997338479,5.312886912599018,5.762646191694686,254.10982415855716,202.9352398440636,318.1892054997945,28.915263748597077,Siganus spp.
Rabbitfish,1.1405201049301956,1,AL,2025-04-16,5.536683804050963,0.11609482978360863,5.309137937675089,5.764229670426836,253.83483612855065,202.17586504664905,318.6934504647299,29.24172278338945,Siganus spp.
Rabbitfish,1.166689705522657,1,AL,2025-04-16,5.535601055955072,0.11747242869946815,5.3053550957041145,5.76584701620603,253.56014568017775,201.41251043405944,319.2093050168391,29.568181818181813,Siganus spp.
Rabbitfish,1.1928593061151185,1,AL,2025-04-16,5.534518307859183,0.11886670595685084,5.301539564183755,5.767497051534611,253.28575249140732,200.64547889895798,319.7364464287046,29.89464085297418,Siganus spp.
Rabbitfish,1.2190289067075804,1,AL,2025-04-16,5.533435559763293,0.12027708154061396,5.29769247994369,5.769178639582897,253.01165624055608,199.87506171932512,320.2745637346311,30.221099887766552,Siganus spp.
Rabbitfish,1.2451985073000418,1,AL,2025-04-16,5.532352811667405,0.12170299577757647,5.2938149399433545,5.770890683391455,252.73785660628926,199.1015388246016,320.82335746391766,30.547558922558917,Siganus spp.
Rabbitfish,1.2713681078925032,1,AL,2025-04-16,5.531270063571514,0.12314390889102206,5.289908002145111,5.772632124997918,252.46435326761895,198.32517907903673,321.3825393569219,30.874017957351285,Siganus spp.
Rabbitfish,1.297537708484965,1,AL,2025-04-16,5.530187315475624,0.12459930052411262,5.285972686448363,5.774401944502885,252.19114590390575,197.5462405784666,321.9518320677057,31.200476992143656,Siganus spp.
Rabbitfish,1.3237073090774265,1,AL,2025-04-16,5.529104567379735,0.12606866923883253,5.282009975671624,5.776199159087847,251.91823419485718,196.76497095715706,322.53096885661154,31.526936026936024,Siganus spp.
Rabbitfish,1.349876909669888,1,AL,2025-04-16,5.528021819283846,0.1275515319963521,5.278020816570995,5.7780228219966965,251.6456178205263,195.9816077017383,323.1196932757517,31.85339506172839,Siganus spp.
Rabbitfish,1.3760465102623498,1,AL,2025-04-16,5.526939071187956,0.12904742362401878,5.274006120884879,5.779872021491032,251.37329646131306,195.1963784696245,323.7177588500202,32.179854096520764,Siganus spp.
Rabbitfish,1.4022161108548112,1,AL,2025-04-16,5.525856323092066,0.13055589627355682,5.2699667663958945,5.781745879788238,251.1012697979637,194.40950140962744,324.3249287559118,32.50631313131313,Siganus spp.
Rabbitfish,1.4283857114472727,1,AL,2025-04-16,5.524773574996177,0.13207651887447944,5.265903598002197,5.783643551990156,250.82953751156933,193.62118548279193,324.9409755001184,32.83277216610549,Siganus spp.
Rabbitfish,1.454555312039734,1,AL,2025-04-16,5.523690826900287,0.13360887658619083,5.261817428791353,5.785564225009221,250.55809928356635,192.83163078174468,325.56568059962075,33.159231200897864,Siganus spp.
Rabbitfish,1.480724912632196,1,AL,2025-04-16,5.522608078804397,0.13515257025177682,5.257709041110914,5.7875071164978795,250.28695479573565,192.0410288471034,326.1988342647201,33.485690235690235,Siganus spp.
Rabbitfish,1.5068945132246574,1,AL,2025-04-16,5.521525330708507,0.13670721585605206,5.2535791876306455,5.789471473786369,250.01610373020318,191.24956297971437,326.84023508624637,33.8121492704826,Siganus spp.
Rabbitfish,1.5330641138171188,1,AL,2025-04-16,5.520442582612618,0.13827244399004157,5.249428592392136,5.791456572833099,249.74554576943825,190.45740854768314,327.4896897279732,34.138608305274964,Siganus spp.
Rabbitfish,1.5592337144095807,1,AL,2025-04-16,5.519359834516728,0.1398478993237275,5.245257951842222,5.793461717191234,249.47528059625398,189.664733287353,328.14701262509163,34.465067340067336,Siganus spp.
Rabbitfish,1.5854033150020421,1,AL,2025-04-16,5.518277086420838,0.1414332400885799,5.241067935847221,5.795486236994455,249.2053078938065,188.87169759753016,328.81202568943826,34.79152637485971,Siganus spp.
Rabbitfish,1.6115729155945036,1,AL,2025-04-16,5.517194338324948,0.14302813757111782,5.236859188685558,5.797529487964339,248.93562734559546,188.07845482640735,329.4845580220301,35.11798540965207,Siganus spp.
Rabbitfish,1.6377425161869654,1,AL,2025-04-16,5.516111590229059,0.14463227561849937,5.2326323300168,5.799590850441318,248.66623863546246,187.28515155074976,330.16444563333675,35.44444444444444,Siganus spp.
